gender,grade,major_type,monthly_allowance,food_spending,entertainment_spending,fitness_frequency,monthly_fitness_spending,fitness_goal,willingness_to_pay,bookkeeping_habit,satisfaction_score,open_feedback,preferred_activities
Male,Graduate,Business,1727,821.0,293,1-2 times/month,99.0,Health maintenance,241,Often,1.1,Convenient workout spaces near the dorm would probably increase my exercise frequency. I would spend more if the quality felt more consistent.,Cycling
Female,Freshman,Business,1904,839.0,181,1-2 times/week,271.0,Health maintenance,434,Sometimes,2.7,Convenient workout spaces near the dorm would probably increase my exercise frequency. My choices are strongly affected by academic pressure.,Swimming
Male,Freshman,STEM,2498,1179.0,597,1-2 times/week,154.0,Stress relief,283,Often,5.0,I would like clearer budgeting tools because entertainment spending is easy to underestimate. I usually decide based on convenience rather than long-term plans. My choices are strongly affected by academic pressure.,Swimming; Home workout
Male,Freshman,Arts,1674,702.0,194,1-2 times/week,201.0,Stress relief,176,Rarely,3.9,Discount bundles for meals and sports would help students balance lifestyle goals. Right now I mostly rely on habits instead of a formal budget.,"Basketball, Gym"
Female,Junior,STEM,2441,1125.0,919,3-4 times/week,250.0,Muscle gain,337,Often,3.0,I would like clearer budgeting tools because entertainment spending is easy to underestimate. My choices are strongly affected by academic pressure. Weekend facilities matter more to me than weekday access.,Basketball，Badminton，Cycling
Non-binary,Sophomore,STEM,1517,586.0,225,1-2 times/month,84.0,Weight loss,165,Never,3.2,Discount bundles for meals and sports would help students balance lifestyle goals. Better information about classes and schedules would increase participation.,Swimming
Male,Senior,STEM,2088,1249.0,386,5+ times/week,256.0,Health maintenance,359,Always,3.9,Group fitness classes make it easier for me to stay motivated every week. Weekend facilities matter more to me than weekday access.,Gym; Yoga
Male,Senior,STEM,2260,666.0,202,3-4 times/week,230.0,Weight loss,350,Sometimes,4.4,I would like clearer budgeting tools because entertainment spending is easy to underestimate. Right now I mostly rely on habits instead of a formal budget.,"Home workout, Yoga, Basketball"
Female,Sophomore,Business,3545,1847.0,1061,5+ times/week,373.0,Muscle gain,592,Sometimes,5.0,I wish the campus gym stayed open later during exam season. Weekend facilities matter more to me than weekday access.,"Badminton, Home workout"
Female,Graduate,Business,1442,,373,3-4 times/week,368.0,Weight loss,463,Often,4.1,"Healthy food options are improving, but prices still feel a little high. I would spend more if the quality felt more consistent.",Badminton、Home workout
Female,Senior,STEM,3010,1059.0,604,1-2 times/month,127.0,Weight loss,270,Sometimes,3.0,Convenient workout spaces near the dorm would probably increase my exercise frequency. A student discount for healthy meals would make a real difference.,Home workout
Male,Sophomore,STEM,2282,1365.0,196,1-2 times/week,216.0,Health maintenance,331,Rarely,4.0,My spending changes a lot when assignments pile up and I have less free time. I would spend more if the quality felt more consistent. Weekend facilities matter more to me than weekday access.,Running
Male,Sophomore,STEM,2426,1212.0,472,1-2 times/month,,Stress relief,139,Never,2.9,I only spend on exercise when I feel stressed or need to reset my routine. I usually decide based on convenience rather than long-term plans.,Basketball，Swimming
Male,Sophomore,Business,2265,1127.0,230,3-4 times/week,332.0,Muscle gain,494,Often,3.0,Discount bundles for meals and sports would help students balance lifestyle goals. Better information about classes and schedules would increase participation.,
Female,Freshman,STEM,2445,1032.0,690,1-2 times/week,139.0,Weight loss,295,Often,2.1,I wish the campus gym stayed open later during exam season. Weekend facilities matter more to me than weekday access.,Cycling
Female,Freshman,Humanities,2115,852.0,501,1-2 times/month,,Muscle gain,292,Rarely,2.0,"Healthy food options are improving, but prices still feel a little high. Better information about classes and schedules would increase participation. Flexible membership options would feel more attractive than full packages.",Running
Male,Graduate,STEM,3000,1210.0,560,5+ times/week,578.0,Muscle gain,913,Sometimes,3.1,Convenient workout spaces near the dorm would probably increase my exercise frequency. Weekend facilities matter more to me than weekday access. Friends influence my fitness spending more than promotions do.,Basketball，Swimming
Female,Junior,STEM,1949,879.0,80,1-2 times/month,99.0,Health maintenance,105,Often,2.3,I only spend on exercise when I feel stressed or need to reset my routine. Friends influence my fitness spending more than promotions do.,Badminton，Cycling
Male,Sophomore,Business,2823,1502.0,314,1-2 times/week,58.0,Stress relief,92,Rarely,3.4,I would like clearer budgeting tools because entertainment spending is easy to underestimate. Better information about classes and schedules would increase participation. A student discount for healthy meals would make a real difference.,Running
Male,Senior,Business,1846,802.0,421,3-4 times/week,181.0,Stress relief,302,Sometimes,2.9,I would like clearer budgeting tools because entertainment spending is easy to underestimate. I usually decide based on convenience rather than long-term plans.,Basketball，Swimming
Male,Junior,STEM,2167,752.0,574,Never,52.0,Stress relief,104,Rarely,1.0,My spending changes a lot when assignments pile up and I have less free time. I would spend more if the quality felt more consistent.,Yoga
Female,Graduate,STEM,1610,782.0,415,1-2 times/week,169.0,Socializing,350,Sometimes,2.7,Discount bundles for meals and sports would help students balance lifestyle goals. Friends influence my fitness spending more than promotions do.,Swimming; Gym
Non-binary,Senior,Social Science,2450,1210.0,168,3-4 times/week,271.0,Health maintenance,446,Sometimes,3.4,Group fitness classes make it easier for me to stay motivated every week. Friends influence my fitness spending more than promotions do.,Gym，Basketball
Male,Junior,STEM,2995,1415.0,602,Never,53.0,Stress relief,192,Often,2.7,I wish the campus gym stayed open later during exam season. My choices are strongly affected by academic pressure.,Home workout
Male,Sophomore,Business,2157,1035.0,542,1-2 times/week,278.0,Stress relief,389,Rarely,4.6,Discount bundles for meals and sports would help students balance lifestyle goals. My choices are strongly affected by academic pressure. A student discount for healthy meals would make a real difference.,Running，Gym
Female,Graduate,Business,2092,833.0,134,1-2 times/month,103.0,Weight loss,164,Often,2.7,My spending changes a lot when assignments pile up and I have less free time. Weekend facilities matter more to me than weekday access.,Gym
Female,Senior,STEM,1587,549.0,285,3-4 times/week,279.0,Socializing,492,Rarely,4.5,I wish the campus gym stayed open later during exam season. I would spend more if the quality felt more consistent. I usually decide based on convenience rather than long-term plans.,"Home workout, Cycling, Badminton"
Female,Graduate,Business,2074,727.0,413,1-2 times/month,149.0,Muscle gain,287,Rarely,3.4,Group fitness classes make it easier for me to stay motivated every week. A student discount for healthy meals would make a real difference. Better information about classes and schedules would increase participation.,Basketball
Female,Freshman,Social Science,1324,500.0,210,5+ times/week,373.0,Muscle gain,583,Rarely,3.8,Discount bundles for meals and sports would help students balance lifestyle goals. Friends influence my fitness spending more than promotions do. I become much more price-sensitive near the end of each month.,"Home workout, Swimming"
Male,Senior,Social Science,1698,745.0,85,5+ times/week,396.0,Socializing,489,Always,3.2,Convenient workout spaces near the dorm would probably increase my exercise frequency. Flexible membership options would feel more attractive than full packages.,Gym; Swimming
Male,Junior,STEM,2325,961.0,365,1-2 times/month,111.0,Health maintenance,236,Often,3.2,Discount bundles for meals and sports would help students balance lifestyle goals. Weekend facilities matter more to me than weekday access.,
Non-binary,Freshman,STEM,2925,,459,1-2 times/week,96.0,Weight loss,231,Sometimes,2.6,Discount bundles for meals and sports would help students balance lifestyle goals. I would spend more if the quality felt more consistent.,Gym、Basketball
Female,Junior,STEM,3745,687.0,635,1-2 times/week,252.0,Weight loss,350,Sometimes,3.6,Discount bundles for meals and sports would help students balance lifestyle goals. Friends influence my fitness spending more than promotions do.,Swimming，Yoga
Female,Senior,Business,1877,601.0,264,3-4 times/week,226.0,Weight loss,379,Never,3.6,"Healthy food options are improving, but prices still feel a little high. Weekend facilities matter more to me than weekday access. I would spend more if the quality felt more consistent.",Cycling; Yoga; Home workout
Female,Freshman,Humanities,2989,1523.0,445,1-2 times/week,172.0,Stress relief,355,Sometimes,2.7,My spending changes a lot when assignments pile up and I have less free time. My choices are strongly affected by academic pressure.,Yoga，Gym
Female,Junior,STEM,2334,856.0,414,1-2 times/month,109.0,Weight loss,264,Never,3.9,My spending changes a lot when assignments pile up and I have less free time. Flexible membership options would feel more attractive than full packages. A student discount for healthy meals would make a real difference.,Gym
Female,Senior,STEM,2117,950.0,447,1-2 times/month,34.0,Socializing,171,Often,3.5,Convenient workout spaces near the dorm would probably increase my exercise frequency. A student discount for healthy meals would make a real difference. I would spend more if the quality felt more consistent.,Gym
Female,Sophomore,Arts,2438,753.0,387,5+ times/week,,Socializing,320,Sometimes,3.5,I wish the campus gym stayed open later during exam season. A student discount for healthy meals would make a real difference.,Badminton，Swimming
Female,Junior,STEM,2234,1195.0,338,1-2 times/week,241.0,Stress relief,319,Always,3.6,Discount bundles for meals and sports would help students balance lifestyle goals. I become much more price-sensitive near the end of each month.,Swimming，Basketball
Male,Junior,Business,2261,924.0,422,3-4 times/week,,Stress relief,355,Rarely,3.7,My spending changes a lot when assignments pile up and I have less free time. Better information about classes and schedules would increase participation.,"Running, Swimming"
Female,Sophomore,Humanities,1975,875.0,90,1-2 times/week,91.0,Muscle gain,155,Often,2.5,I wish the campus gym stayed open later during exam season. Friends influence my fitness spending more than promotions do.,Gym
Male,Graduate,STEM,1431,867.0,305,5+ times/week,279.0,Weight loss,616,Often,3.9,I wish the campus gym stayed open later during exam season. Friends influence my fitness spending more than promotions do.,"Badminton, Home workout, Basketball"
Male,Senior,STEM,1351,731.0,243,Never,99.0,Health maintenance,240,Rarely,2.7,I wish the campus gym stayed open later during exam season. I become much more price-sensitive near the end of each month.,Home workout、Running
Female,Freshman,STEM,2559,1012.0,468,1-2 times/month,117.0,Weight loss,215,Sometimes,2.5,Convenient workout spaces near the dorm would probably increase my exercise frequency. Right now I mostly rely on habits instead of a formal budget.,Swimming
Male,Graduate,Arts,2048,763.0,506,5+ times/week,125.0,Weight loss,219,Always,2.6,Discount bundles for meals and sports would help students balance lifestyle goals. Right now I mostly rely on habits instead of a formal budget.,Basketball; Gym
Male,Senior,STEM,1872,737.0,81,5+ times/week,503.0,Muscle gain,907,Always,3.5,I wish the campus gym stayed open later during exam season. Weekend facilities matter more to me than weekday access.,Running、Gym
Female,Sophomore,STEM,2205,1016.0,92,1-2 times/week,220.0,Weight loss,286,Sometimes,3.9,Convenient workout spaces near the dorm would probably increase my exercise frequency. I would spend more if the quality felt more consistent. I become much more price-sensitive near the end of each month.,"Running, Home workout"
Female,Senior,STEM,2637,1085.0,525,1-2 times/week,184.0,Muscle gain,319,Often,2.9,My spending changes a lot when assignments pile up and I have less free time. Right now I mostly rely on habits instead of a formal budget.,Yoga，Basketball
Male,Freshman,STEM,2299,893.0,413,1-2 times/week,158.0,Health maintenance,171,Often,5.0,Convenient workout spaces near the dorm would probably increase my exercise frequency. I usually decide based on convenience rather than long-term plans. My choices are strongly affected by academic pressure.,"Gym, Home workout"
Female,Graduate,Humanities,1839,988.0,353,1-2 times/week,,Health maintenance,391,Sometimes,4.1,"Healthy food options are improving, but prices still feel a little high. I usually decide based on convenience rather than long-term plans. I become much more price-sensitive near the end of each month.",Gym; Badminton
Female,Junior,STEM,2874,1181.0,424,1-2 times/month,83.0,Stress relief,259,Often,4.2,My spending changes a lot when assignments pile up and I have less free time. A student discount for healthy meals would make a real difference. Friends influence my fitness spending more than promotions do.,Yoga
Female,Junior,Humanities,3069,1854.0,695,5+ times/week,401.0,Health maintenance,864,Sometimes,4.4,,"Running, Yoga, Badminton"
Male,Freshman,Humanities,2472,1056.0,606,1-2 times/month,125.0,Muscle gain,210,Sometimes,4.8,Convenient workout spaces near the dorm would probably increase my exercise frequency. I become much more price-sensitive near the end of each month. Weekend facilities matter more to me than weekday access.,Gym、Running
Male,Graduate,Social Science,2736,1540.0,585,3-4 times/week,253.0,Health maintenance,455,Often,3.2,Convenient workout spaces near the dorm would probably increase my exercise frequency. Right now I mostly rely on habits instead of a formal budget.,"Cycling, Yoga, Swimming"
Male,Freshman,STEM,2883,1293.0,466,Never,51.0,Stress relief,131,Often,1.3,Convenient workout spaces near the dorm would probably increase my exercise frequency. Better information about classes and schedules would increase participation.,"Cycling, Yoga"
Male,Sophomore,Social Science,2822,1403.0,92,Never,49.0,Weight loss,112,Often,2.9,I only spend on exercise when I feel stressed or need to reset my routine. I would spend more if the quality felt more consistent. A student discount for healthy meals would make a real difference.,Badminton
Female,Freshman,Humanities,2538,919.0,594,3-4 times/week,291.0,Socializing,265,Always,4.2,,"Basketball, Gym"
Male,Senior,STEM,2529,889.0,672,1-2 times/week,152.0,Muscle gain,271,Often,3.6,Discount bundles for meals and sports would help students balance lifestyle goals. My choices are strongly affected by academic pressure. A student discount for healthy meals would make a real difference.,"Gym, Badminton"
Female,Freshman,Social Science,2486,1136.0,560,3-4 times/week,103.0,Weight loss,196,Never,3.8,I only spend on exercise when I feel stressed or need to reset my routine. I become much more price-sensitive near the end of each month.,"Badminton, Gym"
Female,Graduate,Social Science,1596,797.0,189,Never,49.0,Muscle gain,92,Rarely,4.2,Convenient workout spaces near the dorm would probably increase my exercise frequency. Weekend facilities matter more to me than weekday access. Friends influence my fitness spending more than promotions do.,Gym
Male,Junior,STEM,2585,1094.0,587,5+ times/week,385.0,Muscle gain,534,Sometimes,4.1,,Badminton; Swimming
Female,Freshman,Arts,1454,500.0,349,3-4 times/week,261.0,Muscle gain,353,Sometimes,4.4,"Healthy food options are improving, but prices still feel a little high. A student discount for healthy meals would make a real difference.","Yoga, Swimming"
Male,Freshman,Business,1763,549.0,510,3-4 times/week,233.0,Stress relief,336,Sometimes,3.1,Convenient workout spaces near the dorm would probably increase my exercise frequency. Friends influence my fitness spending more than promotions do.,Swimming; Gym
Male,Freshman,Humanities,2917,892.0,346,1-2 times/month,121.0,Health maintenance,288,Rarely,2.6,I only spend on exercise when I feel stressed or need to reset my routine. Better information about classes and schedules would increase participation. I would spend more if the quality felt more consistent.,Yoga; Swimming
Male,Junior,Arts,2662,742.0,437,1-2 times/week,205.0,Muscle gain,201,Often,4.7,I only spend on exercise when I feel stressed or need to reset my routine. Weekend facilities matter more to me than weekday access.,Basketball; Gym
Male,Senior,Business,3018,1294.0,701,1-2 times/week,162.0,Stress relief,323,Often,3.5,My spending changes a lot when assignments pile up and I have less free time. Better information about classes and schedules would increase participation. Flexible membership options would feel more attractive than full packages.,Badminton
Male,Sophomore,Social Science,2051,1046.0,377,1-2 times/week,149.0,Muscle gain,317,Often,3.0,Group fitness classes make it easier for me to stay motivated every week. Weekend facilities matter more to me than weekday access. Friends influence my fitness spending more than promotions do.,Swimming、Cycling
Female,Senior,STEM,1566,656.0,159,1-2 times/week,186.0,Health maintenance,259,Always,3.0,Convenient workout spaces near the dorm would probably increase my exercise frequency. I become much more price-sensitive near the end of each month.,Gym
Female,Freshman,Social Science,2068,500.0,432,Never,79.0,Weight loss,215,Sometimes,2.7,I wish the campus gym stayed open later during exam season. Better information about classes and schedules would increase participation. Weekend facilities matter more to me than weekday access.,Yoga
Female,Senior,Humanities,2256,913.0,497,1-2 times/week,,Weight loss,172,Never,2.7,My spending changes a lot when assignments pile up and I have less free time. My choices are strongly affected by academic pressure.,Running
Female,Graduate,STEM,2243,913.0,418,1-2 times/month,128.0,Stress relief,259,Never,2.5,My spending changes a lot when assignments pile up and I have less free time. A student discount for healthy meals would make a real difference. My choices are strongly affected by academic pressure.,"Basketball, Home workout"
Female,Senior,Business,2824,1660.0,552,1-2 times/week,71.0,Health maintenance,143,Always,2.1,,"Gym, Basketball"
Male,Senior,STEM,2001,607.0,324,1-2 times/month,148.0,Health maintenance,209,Sometimes,3.3,Convenient workout spaces near the dorm would probably increase my exercise frequency. I would spend more if the quality felt more consistent.,"Running, Gym"
Female,Senior,STEM,2394,931.0,679,1-2 times/month,93.0,Stress relief,155,Sometimes,2.8,I would like clearer budgeting tools because entertainment spending is easy to underestimate. I become much more price-sensitive near the end of each month. Flexible membership options would feel more attractive than full packages.,Badminton
Female,Freshman,STEM,1656,922.0,194,1-2 times/week,4.0,Health maintenance,48,Sometimes,4.0,My spending changes a lot when assignments pile up and I have less free time. Friends influence my fitness spending more than promotions do. Better information about classes and schedules would increase participation.,"Gym, Running"
Female,Sophomore,Business,2448,1116.0,340,1-2 times/week,205.0,Muscle gain,402,Sometimes,3.7,I would like clearer budgeting tools because entertainment spending is easy to underestimate. My choices are strongly affected by academic pressure.,"Swimming, Yoga"
Female,Freshman,STEM,2202,1024.0,398,1-2 times/week,203.0,Weight loss,275,Always,3.6,Group fitness classes make it easier for me to stay motivated every week. A student discount for healthy meals would make a real difference. My choices are strongly affected by academic pressure.,Yoga
Male,Junior,STEM,1788,767.0,432,1-2 times/week,99.0,Weight loss,196,Rarely,2.6,I would like clearer budgeting tools because entertainment spending is easy to underestimate. Weekend facilities matter more to me than weekday access.,Home workout
Male,Senior,Social Science,2070,924.0,156,3-4 times/week,350.0,Weight loss,661,Never,3.7,Convenient workout spaces near the dorm would probably increase my exercise frequency. I become much more price-sensitive near the end of each month.,"Home workout, Running"
Male,Junior,Humanities,2099,,185,1-2 times/week,228.0,Muscle gain,349,Rarely,3.7,Convenient workout spaces near the dorm would probably increase my exercise frequency. Better information about classes and schedules would increase participation.,Running，Badminton
Male,Senior,Social Science,2051,729.0,80,1-2 times/week,280.0,Stress relief,480,Rarely,4.0,I would like clearer budgeting tools because entertainment spending is easy to underestimate. I become much more price-sensitive near the end of each month.,Swimming
Female,Freshman,STEM,3174,1556.0,579,5+ times/week,316.0,Muscle gain,507,Sometimes,3.7,I only spend on exercise when I feel stressed or need to reset my routine. Flexible membership options would feel more attractive than full packages.,"Swimming, Badminton, Yoga"
Male,Senior,Social Science,2146,666.0,218,1-2 times/week,183.0,Stress relief,256,Sometimes,4.3,Discount bundles for meals and sports would help students balance lifestyle goals. Right now I mostly rely on habits instead of a formal budget.,Running; Yoga
Female,Freshman,Humanities,2066,922.0,316,5+ times/week,409.0,Stress relief,527,Often,3.8,"Healthy food options are improving, but prices still feel a little high. Right now I mostly rely on habits instead of a formal budget. Flexible membership options would feel more attractive than full packages.",Gym，Running
Female,Sophomore,STEM,1046,500.0,237,3-4 times/week,358.0,Health maintenance,521,Sometimes,4.4,Convenient workout spaces near the dorm would probably increase my exercise frequency. Flexible membership options would feel more attractive than full packages.,Cycling; Home workout
Female,Senior,STEM,1708,,231,Never,56.0,Health maintenance,99,Always,2.8,Convenient workout spaces near the dorm would probably increase my exercise frequency. Weekend facilities matter more to me than weekday access. Right now I mostly rely on habits instead of a formal budget.,Swimming; Cycling
Male,Graduate,Humanities,2055,859.0,403,1-2 times/week,146.0,Muscle gain,291,Rarely,2.1,Discount bundles for meals and sports would help students balance lifestyle goals. Better information about classes and schedules would increase participation. I would spend more if the quality felt more consistent.,Badminton
Female,Junior,STEM,1823,675.0,290,3-4 times/week,272.0,Muscle gain,486,Sometimes,4.0,My spending changes a lot when assignments pile up and I have less free time. Friends influence my fitness spending more than promotions do.,"Yoga, Badminton, Home workout"
Female,Freshman,Business,2960,989.0,672,5+ times/week,350.0,Stress relief,492,Sometimes,4.3,Discount bundles for meals and sports would help students balance lifestyle goals. My choices are strongly affected by academic pressure.,"Swimming, Yoga, Basketball"
Female,Junior,Arts,2109,826.0,450,1-2 times/week,42.0,Stress relief,60,Sometimes,3.6,Convenient workout spaces near the dorm would probably increase my exercise frequency. Right now I mostly rely on habits instead of a formal budget.,Gym，Cycling
Female,Freshman,STEM,2909,965.0,383,1-2 times/month,106.0,Muscle gain,177,Never,3.5,Group fitness classes make it easier for me to stay motivated every week. Flexible membership options would feel more attractive than full packages. Friends influence my fitness spending more than promotions do.,Swimming，Basketball
Male,Graduate,STEM,2234,996.0,376,1-2 times/week,281.0,Muscle gain,574,Often,3.2,Group fitness classes make it easier for me to stay motivated every week. My choices are strongly affected by academic pressure.,Gym; Yoga
Female,Senior,Arts,2220,728.0,562,1-2 times/month,139.0,Health maintenance,256,Often,2.8,I wish the campus gym stayed open later during exam season. A student discount for healthy meals would make a real difference.,"Running, Badminton"
Female,Freshman,Humanities,2151,1026.0,446,3-4 times/week,386.0,Health maintenance,581,Often,4.2,Discount bundles for meals and sports would help students balance lifestyle goals. Better information about classes and schedules would increase participation. Friends influence my fitness spending more than promotions do.,Gym，Swimming
Female,Freshman,STEM,2202,717.0,181,1-2 times/week,211.0,Weight loss,383,Rarely,3.8,Group fitness classes make it easier for me to stay motivated every week. I would spend more if the quality felt more consistent.,Basketball
Male,Freshman,Social Science,3145,1178.0,710,3-4 times/week,210.0,Stress relief,241,Never,3.4,Discount bundles for meals and sports would help students balance lifestyle goals. I usually decide based on convenience rather than long-term plans. Flexible membership options would feel more attractive than full packages.,"Cycling, Gym, Basketball"
Female,Graduate,Social Science,924,500.0,96,3-4 times/week,198.0,Health maintenance,374,Often,4.6,Group fitness classes make it easier for me to stay motivated every week. Friends influence my fitness spending more than promotions do. I become much more price-sensitive near the end of each month.,"Basketball, Home workout"
Female,Junior,Business,1099,578.0,306,1-2 times/week,86.0,Weight loss,196,Never,2.5,Convenient workout spaces near the dorm would probably increase my exercise frequency. Friends influence my fitness spending more than promotions do.,Cycling
Female,Senior,Humanities,1901,849.0,478,1-2 times/week,158.0,Health maintenance,286,Often,3.0,My spending changes a lot when assignments pile up and I have less free time. Friends influence my fitness spending more than promotions do.,Gym
Non-binary,Junior,STEM,2208,890.0,442,3-4 times/week,,Weight loss,532,Rarely,5.0,Discount bundles for meals and sports would help students balance lifestyle goals. A student discount for healthy meals would make a real difference.,"Badminton, Cycling"
Male,Junior,STEM,2580,1187.0,493,3-4 times/week,329.0,Stress relief,609,Always,4.5,I wish the campus gym stayed open later during exam season. I become much more price-sensitive near the end of each month. A student discount for healthy meals would make a real difference.,"Running, Yoga"
Male,Freshman,Humanities,2460,619.0,407,3-4 times/week,194.0,Muscle gain,337,Sometimes,3.5,I would like clearer budgeting tools because entertainment spending is easy to underestimate. I would spend more if the quality felt more consistent.,Yoga; Basketball
Female,Graduate,STEM,1989,829.0,452,Never,104.0,Weight loss,258,Rarely,3.4,Group fitness classes make it easier for me to stay motivated every week. A student discount for healthy meals would make a real difference. Better information about classes and schedules would increase participation.,Running
Non-binary,Sophomore,Humanities,2760,1600.0,425,1-2 times/week,171.0,Health maintenance,393,Sometimes,3.6,"Healthy food options are improving, but prices still feel a little high. Flexible membership options would feel more attractive than full packages.",Home workout
Male,Junior,Social Science,2767,1191.0,544,1-2 times/month,103.0,Stress relief,227,Often,1.1,Discount bundles for meals and sports would help students balance lifestyle goals. Right now I mostly rely on habits instead of a formal budget. I become much more price-sensitive near the end of each month.,Basketball
Male,Senior,STEM,2301,979.0,555,3-4 times/week,270.0,Socializing,422,Rarely,3.1,Discount bundles for meals and sports would help students balance lifestyle goals. Right now I mostly rely on habits instead of a formal budget.,"Swimming, Basketball, Cycling"
Female,Junior,Humanities,2729,1266.0,384,3-4 times/week,323.0,Muscle gain,517,Never,3.8,Group fitness classes make it easier for me to stay motivated every week. I usually decide based on convenience rather than long-term plans. I become much more price-sensitive near the end of each month.,Badminton，Running
Female,Graduate,STEM,2350,1155.0,322,1-2 times/week,220.0,Health maintenance,493,Sometimes,3.2,Group fitness classes make it easier for me to stay motivated every week. I usually decide based on convenience rather than long-term plans.,"Basketball, Badminton"
Female,Freshman,Social Science,1891,500.0,182,1-2 times/month,145.0,Socializing,207,Sometimes,3.6,I would like clearer budgeting tools because entertainment spending is easy to underestimate. Right now I mostly rely on habits instead of a formal budget.,Swimming
Male,Junior,STEM,2584,738.0,273,1-2 times/week,210.0,Stress relief,332,Rarely,4.3,My spending changes a lot when assignments pile up and I have less free time. I usually decide based on convenience rather than long-term plans. I would spend more if the quality felt more consistent.,Badminton
Female,Sophomore,Humanities,2261,988.0,118,3-4 times/week,316.0,Weight loss,469,Often,3.6,I wish the campus gym stayed open later during exam season. I would spend more if the quality felt more consistent.,Yoga，Badminton，Gym
Female,Junior,Business,2201,799.0,509,1-2 times/month,55.0,Health maintenance,168,Never,2.4,I would like clearer budgeting tools because entertainment spending is easy to underestimate. My choices are strongly affected by academic pressure. I usually decide based on convenience rather than long-term plans.,Basketball
Female,Freshman,Business,3010,,923,1-2 times/month,169.0,Stress relief,204,Often,3.7,My spending changes a lot when assignments pile up and I have less free time. Right now I mostly rely on habits instead of a formal budget.,Basketball，Badminton
Male,Freshman,Humanities,900,500.0,252,5+ times/week,339.0,Socializing,444,Rarely,3.6,"Healthy food options are improving, but prices still feel a little high. I would spend more if the quality felt more consistent. I become much more price-sensitive near the end of each month.",Home workout、Basketball
Female,Sophomore,Social Science,1420,500.0,94,3-4 times/week,231.0,Muscle gain,308,Always,3.7,Convenient workout spaces near the dorm would probably increase my exercise frequency. I become much more price-sensitive near the end of each month.,Swimming，Running
Male,Sophomore,Humanities,1547,500.0,357,1-2 times/month,14.0,Muscle gain,48,Often,3.0,I would like clearer budgeting tools because entertainment spending is easy to underestimate. I would spend more if the quality felt more consistent.,Yoga
Male,Sophomore,Social Science,2000,500.0,559,1-2 times/week,,Weight loss,176,Sometimes,4.9,My spending changes a lot when assignments pile up and I have less free time. I usually decide based on convenience rather than long-term plans.,"Basketball, Swimming"
Male,Junior,Arts,2060,827.0,305,5+ times/week,444.0,Health maintenance,519,Sometimes,2.1,Convenient workout spaces near the dorm would probably increase my exercise frequency. Friends influence my fitness spending more than promotions do.,"Gym, Running"
Female,Junior,Business,1371,555.0,257,3-4 times/week,262.0,Socializing,273,Rarely,3.5,,"Badminton, Basketball"
Male,Sophomore,Business,1658,640.0,80,1-2 times/week,74.0,Weight loss,180,Never,3.2,I would like clearer budgeting tools because entertainment spending is easy to underestimate. A student discount for healthy meals would make a real difference. Right now I mostly rely on habits instead of a formal budget.,Swimming，Running
Male,Sophomore,STEM,1727,874.0,343,1-2 times/week,281.0,Health maintenance,396,Always,2.9,Convenient workout spaces near the dorm would probably increase my exercise frequency. I become much more price-sensitive near the end of each month.,Gym
Male,Sophomore,Social Science,3552,1832.0,375,1-2 times/week,113.0,Socializing,210,Often,3.9,Convenient workout spaces near the dorm would probably increase my exercise frequency. I usually decide based on convenience rather than long-term plans.,Cycling
Female,Junior,Business,3191,1297.0,619,Never,74.0,Weight loss,206,Sometimes,3.8,I only spend on exercise when I feel stressed or need to reset my routine. A student discount for healthy meals would make a real difference. My choices are strongly affected by academic pressure.,Home workout
Female,Sophomore,Business,1974,500.0,140,3-4 times/week,235.0,Weight loss,275,Sometimes,3.8,Discount bundles for meals and sports would help students balance lifestyle goals. Weekend facilities matter more to me than weekday access.,
Female,Freshman,STEM,2000,939.0,436,Never,,Health maintenance,90,Sometimes,3.0,I would like clearer budgeting tools because entertainment spending is easy to underestimate. A student discount for healthy meals would make a real difference.,"Swimming, Cycling"
Female,Sophomore,Social Science,1568,728.0,395,Never,74.0,Health maintenance,213,Rarely,3.1,I wish the campus gym stayed open later during exam season. I would spend more if the quality felt more consistent.,"Yoga, Home workout"
Female,Junior,Business,1151,512.0,144,3-4 times/week,121.0,Weight loss,292,Rarely,3.7,Group fitness classes make it easier for me to stay motivated every week. I usually decide based on convenience rather than long-term plans.,Swimming; Basketball; Running
Female,Sophomore,Humanities,2136,1065.0,214,5+ times/week,,Health maintenance,378,Always,3.7,"Healthy food options are improving, but prices still feel a little high. I usually decide based on convenience rather than long-term plans.",Yoga，Swimming
Female,Junior,STEM,1651,540.0,80,3-4 times/week,,Stress relief,257,Sometimes,3.7,"Healthy food options are improving, but prices still feel a little high. I usually decide based on convenience rather than long-term plans.",
Male,Junior,Arts,2153,1250.0,347,1-2 times/week,271.0,Health maintenance,403,Sometimes,3.6,Convenient workout spaces near the dorm would probably increase my exercise frequency. Right now I mostly rely on habits instead of a formal budget. I usually decide based on convenience rather than long-term plans.,Gym，Cycling
Female,Senior,STEM,1320,500.0,184,1-2 times/week,101.0,Health maintenance,189,Sometimes,3.8,"Healthy food options are improving, but prices still feel a little high. A student discount for healthy meals would make a real difference. Right now I mostly rely on habits instead of a formal budget.",Running，Gym
Male,Junior,STEM,1781,855.0,127,1-2 times/week,109.0,Health maintenance,219,Often,2.3,"Healthy food options are improving, but prices still feel a little high. Weekend facilities matter more to me than weekday access.","Badminton, Cycling"
Male,Junior,Social Science,2282,650.0,483,1-2 times/week,219.0,Stress relief,349,Sometimes,2.7,Group fitness classes make it easier for me to stay motivated every week. Flexible membership options would feel more attractive than full packages.,Yoga; Running
Female,Sophomore,Arts,2401,830.0,357,1-2 times/week,141.0,Muscle gain,168,Sometimes,2.1,I only spend on exercise when I feel stressed or need to reset my routine. Friends influence my fitness spending more than promotions do.,Home workout
Male,Senior,STEM,2430,1315.0,254,1-2 times/week,139.0,Stress relief,167,Often,4.1,I wish the campus gym stayed open later during exam season. I become much more price-sensitive near the end of each month.,"Gym, Swimming"
Female,Junior,Business,1474,588.0,208,1-2 times/week,76.0,Weight loss,170,Rarely,3.4,Discount bundles for meals and sports would help students balance lifestyle goals. I become much more price-sensitive near the end of each month. I usually decide based on convenience rather than long-term plans.,Badminton，Running
Male,Junior,Social Science,2670,,681,5+ times/week,228.0,Health maintenance,277,Sometimes,4.2,Group fitness classes make it easier for me to stay motivated every week. Friends influence my fitness spending more than promotions do. I would spend more if the quality felt more consistent.,"Yoga, Basketball"
Female,Junior,Social Science,1760,773.0,391,5+ times/week,275.0,Weight loss,414,Sometimes,2.7,Discount bundles for meals and sports would help students balance lifestyle goals. I would spend more if the quality felt more consistent. Friends influence my fitness spending more than promotions do.,Badminton、Swimming
Male,Sophomore,Business,2548,1049.0,435,Never,69.0,Stress relief,200,Sometimes,4.5,My spending changes a lot when assignments pile up and I have less free time. Weekend facilities matter more to me than weekday access.,"Yoga, Home workout"
Female,Junior,Business,2194,1161.0,490,1-2 times/week,117.0,Weight loss,263,Never,2.7,I only spend on exercise when I feel stressed or need to reset my routine. Right now I mostly rely on habits instead of a formal budget.,Cycling; Home workout
Female,Senior,Social Science,1443,579.0,142,1-2 times/month,197.0,Muscle gain,392,Often,3.6,"Healthy food options are improving, but prices still feel a little high. Weekend facilities matter more to me than weekday access. Better information about classes and schedules would increase participation.",Swimming、Cycling
Female,Graduate,Social Science,2026,562.0,369,1-2 times/week,135.0,Weight loss,235,Always,4.1,I would like clearer budgeting tools because entertainment spending is easy to underestimate. My choices are strongly affected by academic pressure.,Yoga; Basketball
Male,Graduate,Social Science,2401,854.0,457,1-2 times/week,176.0,Stress relief,224,Often,2.7,Group fitness classes make it easier for me to stay motivated every week. I would spend more if the quality felt more consistent. Friends influence my fitness spending more than promotions do.,
Male,Junior,Humanities,2537,1177.0,373,1-2 times/month,132.0,Health maintenance,170,Sometimes,3.0,My spending changes a lot when assignments pile up and I have less free time. Right now I mostly rely on habits instead of a formal budget.,Home workout
Female,Junior,STEM,2122,958.0,447,3-4 times/week,259.0,Weight loss,500,Often,3.9,Group fitness classes make it easier for me to stay motivated every week. A student discount for healthy meals would make a real difference.,Badminton、Yoga、Home workout
Female,Senior,Arts,3042,896.0,381,1-2 times/week,112.0,Health maintenance,209,Rarely,5.0,I only spend on exercise when I feel stressed or need to reset my routine. Weekend facilities matter more to me than weekday access.,Basketball; Badminton
Female,Sophomore,Social Science,2754,997.0,594,5+ times/week,267.0,Health maintenance,393,Often,4.0,Convenient workout spaces near the dorm would probably increase my exercise frequency. Friends influence my fitness spending more than promotions do.,Basketball、Cycling、Running
Male,Senior,Social Science,2059,769.0,450,Never,80.0,Muscle gain,205,Always,4.4,I would like clearer budgeting tools because entertainment spending is easy to underestimate. Right now I mostly rely on habits instead of a formal budget. Flexible membership options would feel more attractive than full packages.,Home workout
Female,Junior,STEM,2613,1021.0,80,Never,115.0,Health maintenance,214,Sometimes,4.1,Convenient workout spaces near the dorm would probably increase my exercise frequency. Weekend facilities matter more to me than weekday access.,Yoga
Female,Freshman,STEM,3264,1012.0,859,1-2 times/week,136.0,Muscle gain,197,Rarely,3.7,My spending changes a lot when assignments pile up and I have less free time. I usually decide based on convenience rather than long-term plans.,Home workout
Male,Freshman,Social Science,3278,1212.0,80,Never,101.0,Weight loss,211,Rarely,2.5,I would like clearer budgeting tools because entertainment spending is easy to underestimate. Weekend facilities matter more to me than weekday access.,
Male,Senior,STEM,1525,552.0,209,1-2 times/month,121.0,Stress relief,246,Rarely,4.2,Discount bundles for meals and sports would help students balance lifestyle goals. A student discount for healthy meals would make a real difference.,Running
Female,Freshman,Arts,1690,814.0,425,5+ times/week,227.0,Weight loss,281,Sometimes,2.7,I only spend on exercise when I feel stressed or need to reset my routine. Friends influence my fitness spending more than promotions do.,"Home workout, Cycling"
Male,Sophomore,Business,3017,1462.0,476,1-2 times/month,100.0,Health maintenance,152,Rarely,4.4,I only spend on exercise when I feel stressed or need to reset my routine. I usually decide based on convenience rather than long-term plans.,Badminton
Female,Sophomore,Humanities,1618,661.0,125,1-2 times/month,163.0,Socializing,305,Rarely,3.6,I wish the campus gym stayed open later during exam season. I become much more price-sensitive near the end of each month.,Swimming
Male,Freshman,Social Science,1473,572.0,152,1-2 times/week,226.0,Health maintenance,357,Often,1.5,"Healthy food options are improving, but prices still feel a little high. Right now I mostly rely on habits instead of a formal budget. Weekend facilities matter more to me than weekday access.",Home workout; Basketball
Female,Sophomore,Business,1933,833.0,487,1-2 times/week,222.0,Stress relief,299,Sometimes,3.2,I only spend on exercise when I feel stressed or need to reset my routine. My choices are strongly affected by academic pressure.,"Cycling, Running"
Male,Senior,STEM,2431,862.0,111,1-2 times/week,127.0,Stress relief,248,Rarely,3.9,I wish the campus gym stayed open later during exam season. Right now I mostly rely on habits instead of a formal budget.,Gym
Male,Freshman,Humanities,2144,704.0,555,1-2 times/week,222.0,Socializing,334,Sometimes,3.3,I only spend on exercise when I feel stressed or need to reset my routine. I usually decide based on convenience rather than long-term plans.,"Basketball, Swimming"
Male,Senior,Humanities,1842,635.0,324,3-4 times/week,310.0,Muscle gain,331,Rarely,4.3,I only spend on exercise when I feel stressed or need to reset my routine. Friends influence my fitness spending more than promotions do.,"Running, Basketball, Gym"
Female,Senior,Business,1829,675.0,177,1-2 times/month,82.0,Weight loss,178,Sometimes,2.6,My spending changes a lot when assignments pile up and I have less free time. I become much more price-sensitive near the end of each month. A student discount for healthy meals would make a real difference.,"Swimming, Badminton"
Male,Sophomore,Humanities,1808,591.0,252,1-2 times/week,239.0,Stress relief,400,Sometimes,2.5,Discount bundles for meals and sports would help students balance lifestyle goals. Better information about classes and schedules would increase participation. Right now I mostly rely on habits instead of a formal budget.,Running，Yoga
Female,Freshman,Arts,1716,743.0,187,3-4 times/week,245.0,Muscle gain,358,Always,3.7,Convenient workout spaces near the dorm would probably increase my exercise frequency. Flexible membership options would feel more attractive than full packages.,Home workout，Badminton
Female,Junior,Business,3455,1653.0,831,5+ times/week,238.0,Muscle gain,434,Rarely,3.8,,"Gym, Cycling, Running"
Male,Freshman,STEM,2364,693.0,547,1-2 times/week,84.0,Weight loss,110,Never,2.9,I only spend on exercise when I feel stressed or need to reset my routine. Weekend facilities matter more to me than weekday access. I would spend more if the quality felt more consistent.,"Cycling, Gym"
Female,Sophomore,Business,2688,1134.0,160,1-2 times/week,248.0,Stress relief,287,Often,4.4,My spending changes a lot when assignments pile up and I have less free time. I would spend more if the quality felt more consistent. Weekend facilities matter more to me than weekday access.,Yoga; Gym
Male,Graduate,Business,1931,777.0,293,Never,55.0,Muscle gain,39,Sometimes,2.6,I would like clearer budgeting tools because entertainment spending is easy to underestimate. Right now I mostly rely on habits instead of a formal budget. Friends influence my fitness spending more than promotions do.,Cycling
Male,Graduate,STEM,2098,938.0,251,1-2 times/month,90.0,Weight loss,176,Always,3.4,I would like clearer budgeting tools because entertainment spending is easy to underestimate. Weekend facilities matter more to me than weekday access. Right now I mostly rely on habits instead of a formal budget.,Home workout
Female,Senior,STEM,1808,757.0,489,Never,91.0,Weight loss,182,Always,3.3,Convenient workout spaces near the dorm would probably increase my exercise frequency. Better information about classes and schedules would increase participation. Friends influence my fitness spending more than promotions do.,Home workout
Male,Sophomore,Humanities,900,500.0,80,3-4 times/week,252.0,Muscle gain,377,Never,2.6,My spending changes a lot when assignments pile up and I have less free time. I would spend more if the quality felt more consistent.,Swimming，Home workout，Badminton
Female,Senior,STEM,1442,500.0,421,1-2 times/week,325.0,Health maintenance,524,Sometimes,2.5,I wish the campus gym stayed open later during exam season. Right now I mostly rely on habits instead of a formal budget.,Running，Gym
Female,Senior,Arts,1204,509.0,214,3-4 times/week,207.0,Muscle gain,403,Sometimes,3.8,"Healthy food options are improving, but prices still feel a little high. A student discount for healthy meals would make a real difference. Weekend facilities matter more to me than weekday access.","Gym, Yoga"
Female,Sophomore,STEM,963,500.0,95,Never,48.0,Health maintenance,152,Often,4.7,I wish the campus gym stayed open later during exam season. I become much more price-sensitive near the end of each month.,Basketball
Male,Junior,STEM,1543,,205,3-4 times/week,331.0,Health maintenance,536,Never,4.2,My spending changes a lot when assignments pile up and I have less free time. Flexible membership options would feel more attractive than full packages. A student discount for healthy meals would make a real difference.,Gym，Swimming
Female,Freshman,Social Science,2929,1311.0,363,3-4 times/week,170.0,Muscle gain,326,Often,2.5,I wish the campus gym stayed open later during exam season. Friends influence my fitness spending more than promotions do.,Basketball，Running
Female,Sophomore,Social Science,2176,1121.0,198,Never,92.0,Health maintenance,221,Rarely,1.0,Group fitness classes make it easier for me to stay motivated every week. A student discount for healthy meals would make a real difference.,Gym
Female,Junior,STEM,2910,1187.0,543,Never,50.0,Health maintenance,106,Often,3.7,Convenient workout spaces near the dorm would probably increase my exercise frequency. Right now I mostly rely on habits instead of a formal budget. My choices are strongly affected by academic pressure.,Badminton
Non-binary,Freshman,STEM,2426,1126.0,228,Never,53.0,Stress relief,75,Always,3.1,My spending changes a lot when assignments pile up and I have less free time. I become much more price-sensitive near the end of each month.,Swimming; Home workout
Male,Freshman,STEM,2630,957.0,80,3-4 times/week,183.0,Weight loss,293,Rarely,4.7,Discount bundles for meals and sports would help students balance lifestyle goals. Friends influence my fitness spending more than promotions do.,
Male,Senior,Business,1705,700.0,262,1-2 times/month,109.0,Weight loss,251,Always,2.5,Convenient workout spaces near the dorm would probably increase my exercise frequency. I usually decide based on convenience rather than long-term plans. I become much more price-sensitive near the end of each month.,"Basketball, Running"
Male,Graduate,Business,2488,722.0,134,1-2 times/week,149.0,Socializing,334,Rarely,3.7,I would like clearer budgeting tools because entertainment spending is easy to underestimate. Friends influence my fitness spending more than promotions do.,Gym、Running
Male,Junior,STEM,2601,605.0,331,1-2 times/week,89.0,Health maintenance,205,Often,3.8,Group fitness classes make it easier for me to stay motivated every week. Friends influence my fitness spending more than promotions do. Better information about classes and schedules would increase participation.,"Gym, Cycling"
Female,Senior,STEM,1883,,219,3-4 times/week,215.0,Socializing,456,Rarely,3.5,Group fitness classes make it easier for me to stay motivated every week. My choices are strongly affected by academic pressure.,"Gym, Basketball, Swimming"
Female,Graduate,Business,2508,856.0,298,1-2 times/week,166.0,Health maintenance,210,Rarely,3.1,"Healthy food options are improving, but prices still feel a little high. I would spend more if the quality felt more consistent.",Yoga，Home workout
Male,Freshman,Arts,2511,963.0,804,1-2 times/week,77.0,Weight loss,199,Rarely,3.2,I wish the campus gym stayed open later during exam season. Friends influence my fitness spending more than promotions do.,Running
Male,Junior,Humanities,1898,587.0,349,5+ times/week,,Health maintenance,266,Always,4.2,I would like clearer budgeting tools because entertainment spending is easy to underestimate. A student discount for healthy meals would make a real difference.,Yoga、Running
Female,Sophomore,Business,1582,500.0,312,1-2 times/month,106.0,Stress relief,219,Rarely,3.2,"Healthy food options are improving, but prices still feel a little high. My choices are strongly affected by academic pressure.",Badminton
Female,Freshman,STEM,1549,629.0,86,3-4 times/week,220.0,Health maintenance,466,Never,4.5,I would like clearer budgeting tools because entertainment spending is easy to underestimate. I become much more price-sensitive near the end of each month.,"Running, Home workout, Swimming"
Male,Senior,STEM,2248,813.0,302,Never,32.0,Weight loss,133,Often,2.9,I wish the campus gym stayed open later during exam season. A student discount for healthy meals would make a real difference. I become much more price-sensitive near the end of each month.,Cycling
Female,Junior,STEM,2380,1072.0,464,1-2 times/week,153.0,Muscle gain,236,Often,2.5,Group fitness classes make it easier for me to stay motivated every week. Weekend facilities matter more to me than weekday access.,Gym，Running
Male,Junior,Social Science,1764,805.0,191,5+ times/week,,Health maintenance,290,Rarely,5.0,Discount bundles for meals and sports would help students balance lifestyle goals. Weekend facilities matter more to me than weekday access. I become much more price-sensitive near the end of each month.,Gym，Running
Female,Freshman,Social Science,2215,987.0,539,3-4 times/week,290.0,Health maintenance,381,Often,3.3,"Healthy food options are improving, but prices still feel a little high. I would spend more if the quality felt more consistent.","Running, Yoga, Badminton"
Female,Freshman,Arts,2514,1104.0,241,3-4 times/week,368.0,Stress relief,329,Rarely,3.4,Discount bundles for meals and sports would help students balance lifestyle goals. I usually decide based on convenience rather than long-term plans.,"Cycling, Home workout"
Male,Graduate,Arts,2540,1387.0,406,1-2 times/month,62.0,Muscle gain,247,Rarely,3.2,,Yoga; Running
Female,Freshman,Arts,3054,1022.0,424,1-2 times/week,211.0,Muscle gain,465,Always,3.5,I would like clearer budgeting tools because entertainment spending is easy to underestimate. Flexible membership options would feel more attractive than full packages. Weekend facilities matter more to me than weekday access.,Gym
Female,Sophomore,Arts,2902,1206.0,556,1-2 times/week,189.0,Socializing,324,Sometimes,3.2,"Healthy food options are improving, but prices still feel a little high. Weekend facilities matter more to me than weekday access.","Yoga, Swimming"
Male,Sophomore,STEM,1649,842.0,223,1-2 times/week,207.0,Muscle gain,133,Sometimes,3.4,Convenient workout spaces near the dorm would probably increase my exercise frequency. Right now I mostly rely on habits instead of a formal budget.,Gym
Male,Junior,STEM,3126,1629.0,503,1-2 times/week,265.0,Stress relief,515,Often,3.4,Group fitness classes make it easier for me to stay motivated every week. My choices are strongly affected by academic pressure. Better information about classes and schedules would increase participation.,Gym、Badminton
Female,Junior,STEM,1908,584.0,312,1-2 times/week,201.0,Stress relief,351,Never,3.6,I only spend on exercise when I feel stressed or need to reset my routine. My choices are strongly affected by academic pressure.,Swimming
Female,Junior,Business,2775,1096.0,357,1-2 times/week,57.0,Muscle gain,168,Often,1.4,I only spend on exercise when I feel stressed or need to reset my routine. I usually decide based on convenience rather than long-term plans.,"Yoga, Badminton"
Male,Freshman,STEM,2237,1183.0,479,1-2 times/month,111.0,Stress relief,231,Sometimes,4.6,I only spend on exercise when I feel stressed or need to reset my routine. Friends influence my fitness spending more than promotions do. A student discount for healthy meals would make a real difference.,"Swimming, Gym"
Non-binary,Sophomore,Social Science,1973,909.0,388,1-2 times/week,274.0,Muscle gain,391,Rarely,3.3,Convenient workout spaces near the dorm would probably increase my exercise frequency. I would spend more if the quality felt more consistent.,"Running, Yoga"
Female,Senior,Humanities,1206,525.0,210,1-2 times/month,95.0,Health maintenance,161,Often,3.6,Discount bundles for meals and sports would help students balance lifestyle goals. I become much more price-sensitive near the end of each month.,Home workout
Female,Junior,Business,2106,848.0,316,3-4 times/week,295.0,Health maintenance,515,Rarely,2.8,Discount bundles for meals and sports would help students balance lifestyle goals. Better information about classes and schedules would increase participation.,Badminton; Running; Cycling
Female,Junior,STEM,1342,522.0,316,1-2 times/week,125.0,Socializing,187,Always,3.1,,Gym、Running
Female,Senior,STEM,2732,1210.0,447,1-2 times/month,75.0,Stress relief,133,Sometimes,2.7,Discount bundles for meals and sports would help students balance lifestyle goals. Weekend facilities matter more to me than weekday access. I become much more price-sensitive near the end of each month.,Cycling
Female,Senior,STEM,3034,1213.0,481,3-4 times/week,237.0,Stress relief,403,Always,4.9,Convenient workout spaces near the dorm would probably increase my exercise frequency. A student discount for healthy meals would make a real difference.,Badminton、Cycling
Male,Freshman,Social Science,1762,734.0,330,3-4 times/week,102.0,Health maintenance,214,Rarely,3.1,Discount bundles for meals and sports would help students balance lifestyle goals. Weekend facilities matter more to me than weekday access.,"Cycling, Gym, Basketball"
Female,Sophomore,Humanities,2366,1009.0,707,1-2 times/month,111.0,Health maintenance,192,Rarely,3.8,Group fitness classes make it easier for me to stay motivated every week. My choices are strongly affected by academic pressure. Better information about classes and schedules would increase participation.,Running，Badminton
Female,Junior,Social Science,1801,659.0,155,1-2 times/month,154.0,Stress relief,163,Rarely,3.0,Group fitness classes make it easier for me to stay motivated every week. Friends influence my fitness spending more than promotions do. I would spend more if the quality felt more consistent.,Cycling; Gym
Male,Sophomore,STEM,1854,858.0,434,Never,92.0,Health maintenance,151,Never,2.9,Group fitness classes make it easier for me to stay motivated every week. Flexible membership options would feel more attractive than full packages.,Home workout
Male,Senior,Business,2626,1715.0,125,Never,85.0,Health maintenance,231,Rarely,3.0,My spending changes a lot when assignments pile up and I have less free time. Weekend facilities matter more to me than weekday access. Flexible membership options would feel more attractive than full packages.,Swimming
Female,Junior,Business,2179,605.0,425,3-4 times/week,127.0,Health maintenance,197,Rarely,4.8,Convenient workout spaces near the dorm would probably increase my exercise frequency. Right now I mostly rely on habits instead of a formal budget.,"Home workout, Swimming, Running"
Male,Senior,Social Science,3157,1408.0,916,5+ times/week,265.0,Health maintenance,453,Sometimes,2.4,"Healthy food options are improving, but prices still feel a little high. My choices are strongly affected by academic pressure. Weekend facilities matter more to me than weekday access.","Yoga, Basketball, Cycling"
Male,Senior,Social Science,1935,695.0,414,Never,63.0,Weight loss,188,Never,2.2,Discount bundles for meals and sports would help students balance lifestyle goals. My choices are strongly affected by academic pressure. A student discount for healthy meals would make a real difference.,Cycling
Male,Junior,STEM,2750,1282.0,528,3-4 times/week,339.0,Stress relief,582,Rarely,2.3,My spending changes a lot when assignments pile up and I have less free time. Better information about classes and schedules would increase participation.,"Gym, Basketball"
Female,Graduate,Arts,2254,955.0,317,Never,44.0,Stress relief,188,Never,2.4,I would like clearer budgeting tools because entertainment spending is easy to underestimate. Friends influence my fitness spending more than promotions do. Weekend facilities matter more to me than weekday access.,Gym
Female,Junior,STEM,2638,1269.0,481,1-2 times/week,191.0,Weight loss,317,Often,2.8,Convenient workout spaces near the dorm would probably increase my exercise frequency. Better information about classes and schedules would increase participation.,"Gym, Cycling"
Male,Senior,Social Science,1954,1004.0,317,3-4 times/week,235.0,Health maintenance,407,Sometimes,2.6,My spending changes a lot when assignments pile up and I have less free time. Right now I mostly rely on habits instead of a formal budget.,Yoga，Home workout
Female,Sophomore,STEM,2173,946.0,272,1-2 times/week,180.0,Stress relief,286,Rarely,2.9,I would like clearer budgeting tools because entertainment spending is easy to underestimate. Better information about classes and schedules would increase participation. Friends influence my fitness spending more than promotions do.,Basketball
Female,Junior,STEM,2136,1091.0,341,Never,54.0,Weight loss,185,Often,1.7,Convenient workout spaces near the dorm would probably increase my exercise frequency. Right now I mostly rely on habits instead of a formal budget.,"Swimming, Basketball"
Female,Junior,Social Science,1740,500.0,337,1-2 times/week,252.0,Health maintenance,263,Often,2.7,I only spend on exercise when I feel stressed or need to reset my routine. Flexible membership options would feel more attractive than full packages.,Running，Home workout
Male,Freshman,STEM,2564,1403.0,324,5+ times/week,178.0,Health maintenance,328,Never,4.7,I wish the campus gym stayed open later during exam season. I usually decide based on convenience rather than long-term plans.,"Cycling, Running"
Male,Sophomore,Business,2558,1151.0,316,1-2 times/month,183.0,Health maintenance,321,Sometimes,3.8,Convenient workout spaces near the dorm would probably increase my exercise frequency. I would spend more if the quality felt more consistent.,Running
Female,Graduate,Business,2526,1279.0,214,1-2 times/month,133.0,Muscle gain,228,Often,3.6,,Yoga，Home workout
Male,Junior,STEM,3045,982.0,631,1-2 times/month,100.0,Health maintenance,149,Sometimes,2.4,Discount bundles for meals and sports would help students balance lifestyle goals. A student discount for healthy meals would make a real difference.,Badminton; Gym
Female,Freshman,Humanities,2997,1060.0,654,1-2 times/week,165.0,Muscle gain,303,Sometimes,2.3,"Healthy food options are improving, but prices still feel a little high. I would spend more if the quality felt more consistent.","Basketball, Home workout"
Male,Sophomore,Social Science,1994,861.0,391,1-2 times/week,203.0,Stress relief,356,Sometimes,2.6,I wish the campus gym stayed open later during exam season. I become much more price-sensitive near the end of each month.,"Home workout, Yoga"
Male,Freshman,Social Science,2405,1007.0,595,3-4 times/week,10.0,Weight loss,46,Never,3.5,Discount bundles for meals and sports would help students balance lifestyle goals. I become much more price-sensitive near the end of each month.,Badminton; Yoga; Running
Female,Freshman,STEM,1857,822.0,346,3-4 times/week,312.0,Health maintenance,321,Never,4.5,I only spend on exercise when I feel stressed or need to reset my routine. A student discount for healthy meals would make a real difference.,Cycling、Gym
Female,Graduate,Business,2213,1121.0,459,5+ times/week,261.0,Health maintenance,411,Rarely,4.5,I only spend on exercise when I feel stressed or need to reset my routine. Flexible membership options would feel more attractive than full packages.,Gym、Swimming
Female,Junior,STEM,1870,,376,3-4 times/week,252.0,Stress relief,421,Rarely,4.3,I only spend on exercise when I feel stressed or need to reset my routine. Better information about classes and schedules would increase participation. I become much more price-sensitive near the end of each month.,Basketball; Yoga; Home workout
Non-binary,Sophomore,STEM,3091,1539.0,537,1-2 times/month,124.0,Stress relief,212,Sometimes,2.9,Discount bundles for meals and sports would help students balance lifestyle goals. Better information about classes and schedules would increase participation.,"Yoga, Badminton"
Male,Junior,STEM,2400,1010.0,343,1-2 times/week,132.0,Health maintenance,266,Rarely,3.5,I only spend on exercise when I feel stressed or need to reset my routine. I would spend more if the quality felt more consistent.,Swimming
Male,Freshman,Arts,2080,840.0,697,1-2 times/week,,Health maintenance,363,Often,3.2,I wish the campus gym stayed open later during exam season. Right now I mostly rely on habits instead of a formal budget.,Cycling，Home workout
Male,Sophomore,Social Science,2856,863.0,424,1-2 times/week,199.0,Muscle gain,175,Always,3.3,Group fitness classes make it easier for me to stay motivated every week. I become much more price-sensitive near the end of each month. I would spend more if the quality felt more consistent.,Basketball，Home workout
Female,Senior,Social Science,1006,500.0,134,5+ times/week,281.0,Socializing,398,Never,5.0,"Healthy food options are improving, but prices still feel a little high. I become much more price-sensitive near the end of each month.",Cycling; Running
Male,Junior,Business,1092,500.0,230,3-4 times/week,244.0,Health maintenance,465,Never,2.5,Convenient workout spaces near the dorm would probably increase my exercise frequency. I would spend more if the quality felt more consistent. I become much more price-sensitive near the end of each month.,"Swimming, Badminton"
Female,Graduate,Business,2638,1245.0,521,5+ times/week,270.0,Socializing,519,Often,3.6,Group fitness classes make it easier for me to stay motivated every week. Friends influence my fitness spending more than promotions do.,Badminton，Cycling，Gym
Female,Junior,Business,2233,671.0,182,1-2 times/week,201.0,Socializing,218,Rarely,4.4,"Healthy food options are improving, but prices still feel a little high. I would spend more if the quality felt more consistent. My choices are strongly affected by academic pressure.","Badminton, Basketball"
Male,Junior,Business,2338,992.0,605,1-2 times/week,,Health maintenance,215,Sometimes,2.4,Discount bundles for meals and sports would help students balance lifestyle goals. Friends influence my fitness spending more than promotions do.,Swimming、Gym
Male,Senior,Business,1470,603.0,255,1-2 times/week,173.0,Health maintenance,420,Sometimes,3.0,My spending changes a lot when assignments pile up and I have less free time. A student discount for healthy meals would make a real difference. I usually decide based on convenience rather than long-term plans.,"Basketball, Cycling"
Female,Graduate,STEM,2187,1123.0,224,1-2 times/month,104.0,Stress relief,212,Often,2.8,I only spend on exercise when I feel stressed or need to reset my routine. Right now I mostly rely on habits instead of a formal budget.,Basketball; Cycling
Male,Senior,STEM,3302,1340.0,869,1-2 times/month,71.0,Weight loss,140,Often,3.0,"Healthy food options are improving, but prices still feel a little high. Weekend facilities matter more to me than weekday access. A student discount for healthy meals would make a real difference.",Swimming
Male,Graduate,Arts,2653,967.0,594,1-2 times/week,172.0,Stress relief,192,Sometimes,2.3,I only spend on exercise when I feel stressed or need to reset my routine. I would spend more if the quality felt more consistent. Weekend facilities matter more to me than weekday access.,"Yoga, Badminton"
Male,Senior,Business,2293,870.0,210,Never,52.0,Health maintenance,115,Sometimes,3.6,My spending changes a lot when assignments pile up and I have less free time. I become much more price-sensitive near the end of each month.,Basketball
Male,Senior,Arts,1959,1022.0,596,5+ times/week,273.0,Stress relief,311,Sometimes,4.3,I wish the campus gym stayed open later during exam season. Weekend facilities matter more to me than weekday access.,"Cycling, Home workout"
Female,Freshman,STEM,1983,918.0,448,1-2 times/month,54.0,Health maintenance,191,Often,3.6,I only spend on exercise when I feel stressed or need to reset my routine. I would spend more if the quality felt more consistent.,Badminton
Female,Senior,Business,1029,500.0,184,1-2 times/month,77.0,Weight loss,236,Never,2.5,I would like clearer budgeting tools because entertainment spending is easy to underestimate. I usually decide based on convenience rather than long-term plans. I would spend more if the quality felt more consistent.,Badminton
Female,Junior,STEM,2342,939.0,682,3-4 times/week,391.0,Muscle gain,565,Sometimes,3.9,I would like clearer budgeting tools because entertainment spending is easy to underestimate. Better information about classes and schedules would increase participation. Flexible membership options would feel more attractive than full packages.,Swimming，Gym
Male,Junior,STEM,2665,785.0,509,1-2 times/month,99.0,Stress relief,131,Never,2.5,I only spend on exercise when I feel stressed or need to reset my routine. I usually decide based on convenience rather than long-term plans.,Badminton; Basketball
Male,Junior,STEM,1333,601.0,237,5+ times/week,197.0,Muscle gain,220,Always,3.6,"Healthy food options are improving, but prices still feel a little high. Weekend facilities matter more to me than weekday access.","Basketball, Swimming"
Female,Graduate,STEM,1836,513.0,246,3-4 times/week,111.0,Weight loss,231,Sometimes,5.0,I only spend on exercise when I feel stressed or need to reset my routine. Weekend facilities matter more to me than weekday access. Friends influence my fitness spending more than promotions do.,"Cycling, Yoga"
Female,Graduate,Arts,1563,750.0,345,Never,100.0,Weight loss,147,Rarely,3.3,Convenient workout spaces near the dorm would probably increase my exercise frequency. I usually decide based on convenience rather than long-term plans.,Yoga
Female,Sophomore,STEM,1669,718.0,356,3-4 times/week,177.0,Health maintenance,326,Sometimes,2.9,I would like clearer budgeting tools because entertainment spending is easy to underestimate. Right now I mostly rely on habits instead of a formal budget. I become much more price-sensitive near the end of each month.,Running; Swimming
Male,Senior,Humanities,2229,1362.0,404,3-4 times/week,279.0,Stress relief,245,Often,3.9,Discount bundles for meals and sports would help students balance lifestyle goals. A student discount for healthy meals would make a real difference.,"Basketball, Swimming, Running"
Male,Senior,Business,1054,500.0,131,3-4 times/week,173.0,Weight loss,200,Often,2.8,"Healthy food options are improving, but prices still feel a little high. Weekend facilities matter more to me than weekday access. Flexible membership options would feel more attractive than full packages.","Home workout, Running"
Female,Sophomore,Business,2538,1045.0,480,3-4 times/week,190.0,Weight loss,269,Often,2.9,My spending changes a lot when assignments pile up and I have less free time. Flexible membership options would feel more attractive than full packages.,"Yoga, Gym"
Female,Freshman,Business,2615,1475.0,458,3-4 times/week,199.0,Stress relief,310,Sometimes,3.0,Group fitness classes make it easier for me to stay motivated every week. Friends influence my fitness spending more than promotions do.,Yoga; Gym
Male,Freshman,STEM,2062,1063.0,179,1-2 times/week,361.0,Weight loss,572,Sometimes,3.1,My spending changes a lot when assignments pile up and I have less free time. Flexible membership options would feel more attractive than full packages.,"Basketball, Swimming"
Female,Senior,Arts,900,,80,1-2 times/week,266.0,Health maintenance,465,Often,4.2,Discount bundles for meals and sports would help students balance lifestyle goals. I would spend more if the quality felt more consistent.,
Male,Junior,Social Science,1652,723.0,363,3-4 times/week,139.0,Health maintenance,264,Rarely,4.2,Group fitness classes make it easier for me to stay motivated every week. I usually decide based on convenience rather than long-term plans.,
Female,Graduate,Social Science,2878,1209.0,80,5+ times/week,353.0,Weight loss,460,Always,4.2,Discount bundles for meals and sports would help students balance lifestyle goals. Better information about classes and schedules would increase participation.,"Cycling, Swimming"
Female,Junior,Business,900,500.0,175,1-2 times/week,149.0,Stress relief,216,Sometimes,2.6,"Healthy food options are improving, but prices still feel a little high. I usually decide based on convenience rather than long-term plans.","Badminton, Cycling"
Male,Graduate,STEM,2009,731.0,294,3-4 times/week,115.0,Weight loss,203,Rarely,3.1,I would like clearer budgeting tools because entertainment spending is easy to underestimate. My choices are strongly affected by academic pressure.,Home workout，Badminton，Gym
Female,Sophomore,Arts,1551,640.0,421,1-2 times/week,229.0,Muscle gain,290,Often,3.7,I would like clearer budgeting tools because entertainment spending is easy to underestimate. My choices are strongly affected by academic pressure.,Yoga; Gym
Female,Senior,Business,2643,772.0,384,3-4 times/week,332.0,Health maintenance,492,Often,3.3,,"Badminton, Basketball, Gym"
Female,Freshman,STEM,1829,788.0,414,5+ times/week,429.0,Stress relief,630,Often,3.6,I would like clearer budgeting tools because entertainment spending is easy to underestimate. A student discount for healthy meals would make a real difference. Flexible membership options would feel more attractive than full packages.,"Running, Yoga"
Female,Junior,Business,2422,1104.0,369,1-2 times/month,96.0,Health maintenance,138,Always,3.5,I would like clearer budgeting tools because entertainment spending is easy to underestimate. Weekend facilities matter more to me than weekday access.,Swimming
Female,Senior,Social Science,2511,1009.0,472,1-2 times/month,67.0,Weight loss,120,Sometimes,2.9,Convenient workout spaces near the dorm would probably increase my exercise frequency. A student discount for healthy meals would make a real difference.,Badminton
Female,Graduate,Humanities,3210,933.0,743,1-2 times/week,196.0,Muscle gain,416,Always,3.6,I wish the campus gym stayed open later during exam season. Better information about classes and schedules would increase participation.,Badminton，Swimming
Female,Senior,Social Science,2088,1042.0,308,1-2 times/week,202.0,Stress relief,388,Often,4.6,I would like clearer budgeting tools because entertainment spending is easy to underestimate. A student discount for healthy meals would make a real difference. I usually decide based on convenience rather than long-term plans.,Yoga，Cycling
Female,Freshman,Social Science,2407,1081.0,601,1-2 times/week,184.0,Stress relief,234,Never,3.3,Discount bundles for meals and sports would help students balance lifestyle goals. Flexible membership options would feel more attractive than full packages.,Yoga; Running
Male,Sophomore,STEM,1383,501.0,153,Never,98.0,Socializing,298,Never,4.1,Discount bundles for meals and sports would help students balance lifestyle goals. A student discount for healthy meals would make a real difference.,"Running, Home workout"
Male,Freshman,Arts,2855,1135.0,573,1-2 times/week,201.0,Weight loss,303,Often,3.9,I wish the campus gym stayed open later during exam season. A student discount for healthy meals would make a real difference. Flexible membership options would feel more attractive than full packages.,Basketball; Yoga
Female,Freshman,Business,1782,535.0,436,1-2 times/week,242.0,Health maintenance,372,Sometimes,2.3,I would like clearer budgeting tools because entertainment spending is easy to underestimate. I would spend more if the quality felt more consistent.,
Female,Senior,Humanities,1892,639.0,428,1-2 times/week,128.0,Health maintenance,279,Sometimes,2.6,Discount bundles for meals and sports would help students balance lifestyle goals. My choices are strongly affected by academic pressure.,Cycling，Swimming
Female,Senior,STEM,2188,825.0,687,3-4 times/week,271.0,Stress relief,404,Rarely,3.2,Convenient workout spaces near the dorm would probably increase my exercise frequency. Right now I mostly rely on habits instead of a formal budget.,"Yoga, Badminton"
Male,Senior,Arts,1340,694.0,170,3-4 times/week,259.0,Muscle gain,373,Rarely,3.2,I wish the campus gym stayed open later during exam season. Better information about classes and schedules would increase participation.,Basketball; Yoga
Male,Senior,STEM,2326,858.0,194,3-4 times/week,276.0,Stress relief,429,Often,3.7,I would like clearer budgeting tools because entertainment spending is easy to underestimate. Friends influence my fitness spending more than promotions do.,Cycling，Gym
Female,Senior,STEM,2732,1287.0,302,3-4 times/week,276.0,Muscle gain,390,Often,4.3,Convenient workout spaces near the dorm would probably increase my exercise frequency. I would spend more if the quality felt more consistent. Weekend facilities matter more to me than weekday access.,Basketball; Swimming; Yoga
Female,Senior,Business,2361,890.0,534,1-2 times/week,145.0,Health maintenance,369,Sometimes,4.4,Discount bundles for meals and sports would help students balance lifestyle goals. My choices are strongly affected by academic pressure.,Swimming; Gym
Female,Freshman,STEM,1326,583.0,285,1-2 times/week,91.0,Stress relief,211,Never,3.4,"Healthy food options are improving, but prices still feel a little high. A student discount for healthy meals would make a real difference. Right now I mostly rely on habits instead of a formal budget.",Cycling; Home workout
Female,Sophomore,STEM,2132,871.0,399,1-2 times/week,163.0,Socializing,199,Never,3.1,I would like clearer budgeting tools because entertainment spending is easy to underestimate. Friends influence my fitness spending more than promotions do. A student discount for healthy meals would make a real difference.,Home workout
Male,Junior,Humanities,2608,1278.0,264,1-2 times/month,136.0,Stress relief,349,Always,1.9,My spending changes a lot when assignments pile up and I have less free time. My choices are strongly affected by academic pressure.,Cycling
Female,Senior,Business,1167,500.0,273,1-2 times/month,97.0,Stress relief,165,Sometimes,3.3,I would like clearer budgeting tools because entertainment spending is easy to underestimate. My choices are strongly affected by academic pressure.,Yoga，Cycling
Female,Freshman,Arts,1609,500.0,152,1-2 times/week,151.0,Health maintenance,296,Often,3.5,Convenient workout spaces near the dorm would probably increase my exercise frequency. Friends influence my fitness spending more than promotions do.,"Home workout, Gym"
Female,Junior,STEM,2682,830.0,700,5+ times/week,94.0,Stress relief,116,Rarely,3.7,Group fitness classes make it easier for me to stay motivated every week. I usually decide based on convenience rather than long-term plans. Better information about classes and schedules would increase participation.,"Gym, Cycling, Badminton"
Male,Senior,Social Science,2349,887.0,893,3-4 times/week,390.0,Health maintenance,425,Never,5.0,Convenient workout spaces near the dorm would probably increase my exercise frequency. Weekend facilities matter more to me than weekday access.,Home workout，Yoga，Cycling
Female,Freshman,Business,2427,777.0,499,Never,53.0,Weight loss,156,Sometimes,4.1,My spending changes a lot when assignments pile up and I have less free time. Right now I mostly rely on habits instead of a formal budget.,Yoga
Male,Sophomore,Humanities,3223,1459.0,712,1-2 times/week,227.0,Socializing,238,Always,4.0,"Healthy food options are improving, but prices still feel a little high. Flexible membership options would feel more attractive than full packages.",Running
Female,Graduate,Humanities,2458,941.0,358,1-2 times/month,141.0,Health maintenance,157,Sometimes,2.7,Discount bundles for meals and sports would help students balance lifestyle goals. A student discount for healthy meals would make a real difference.,Running
Male,Senior,Business,2562,1563.0,137,3-4 times/week,266.0,Health maintenance,443,Sometimes,3.4,Convenient workout spaces near the dorm would probably increase my exercise frequency. I usually decide based on convenience rather than long-term plans.,Yoga; Cycling; Gym
Female,Sophomore,Arts,3691,1037.0,509,3-4 times/week,216.0,Stress relief,535,Rarely,3.7,My spending changes a lot when assignments pile up and I have less free time. My choices are strongly affected by academic pressure.,Running; Badminton
Male,Senior,Business,2082,908.0,215,1-2 times/week,150.0,Health maintenance,326,Sometimes,2.9,I would like clearer budgeting tools because entertainment spending is easy to underestimate. Friends influence my fitness spending more than promotions do. I would spend more if the quality felt more consistent.,Gym; Badminton
Male,Sophomore,STEM,1761,581.0,139,1-2 times/week,138.0,Muscle gain,153,Never,3.8,,Yoga; Gym
Non-binary,Senior,Humanities,2435,927.0,732,1-2 times/week,292.0,Health maintenance,424,Often,3.7,I only spend on exercise when I feel stressed or need to reset my routine. Flexible membership options would feel more attractive than full packages.,Running
Male,Sophomore,Social Science,2441,1053.0,486,1-2 times/week,237.0,Weight loss,567,Often,2.6,"Healthy food options are improving, but prices still feel a little high. A student discount for healthy meals would make a real difference.",Home workout，Gym
Male,Junior,STEM,1910,,395,3-4 times/week,223.0,Muscle gain,446,Often,4.7,Group fitness classes make it easier for me to stay motivated every week. Right now I mostly rely on habits instead of a formal budget.,Gym、Cycling
Male,Sophomore,Business,1632,716.0,258,3-4 times/week,287.0,Stress relief,351,Always,3.9,"Healthy food options are improving, but prices still feel a little high. A student discount for healthy meals would make a real difference.",Cycling; Yoga; Swimming
Male,Sophomore,Social Science,3470,1986.0,583,1-2 times/week,169.0,Muscle gain,309,Often,2.2,"Healthy food options are improving, but prices still feel a little high. Weekend facilities matter more to me than weekday access.","Basketball, Badminton"
Female,Graduate,Social Science,2380,,589,1-2 times/week,253.0,Muscle gain,350,Rarely,3.4,I only spend on exercise when I feel stressed or need to reset my routine. I usually decide based on convenience rather than long-term plans. I would spend more if the quality felt more consistent.,Running
Male,Freshman,Arts,1797,792.0,319,Never,139.0,Health maintenance,225,Often,3.7,I wish the campus gym stayed open later during exam season. I usually decide based on convenience rather than long-term plans.,Badminton; Running
Female,Freshman,Business,2704,1357.0,587,1-2 times/month,108.0,Muscle gain,194,Always,3.9,Convenient workout spaces near the dorm would probably increase my exercise frequency. Friends influence my fitness spending more than promotions do.,
Male,Sophomore,Humanities,2140,871.0,356,1-2 times/month,133.0,Health maintenance,237,Often,3.2,Convenient workout spaces near the dorm would probably increase my exercise frequency. I would spend more if the quality felt more consistent.,Badminton
Female,Senior,STEM,2061,770.0,322,1-2 times/week,186.0,Weight loss,278,Always,4.1,I only spend on exercise when I feel stressed or need to reset my routine. My choices are strongly affected by academic pressure.,Running、Swimming
Female,Senior,Arts,2509,597.0,205,5+ times/week,315.0,Health maintenance,422,Never,3.9,Discount bundles for meals and sports would help students balance lifestyle goals. My choices are strongly affected by academic pressure.,Swimming; Basketball
Male,Graduate,Business,1489,702.0,80,1-2 times/week,,Health maintenance,337,Never,2.5,My spending changes a lot when assignments pile up and I have less free time. Weekend facilities matter more to me than weekday access. My choices are strongly affected by academic pressure.,Swimming、Yoga
Female,Sophomore,Social Science,2394,984.0,387,1-2 times/month,99.0,Muscle gain,266,Always,2.1,Convenient workout spaces near the dorm would probably increase my exercise frequency. Better information about classes and schedules would increase participation. Friends influence my fitness spending more than promotions do.,Swimming
Female,Sophomore,Business,3252,1102.0,598,1-2 times/month,135.0,Health maintenance,238,Rarely,4.3,I wish the campus gym stayed open later during exam season. I would spend more if the quality felt more consistent.,Swimming
Female,Freshman,Humanities,2456,1056.0,221,1-2 times/week,156.0,Health maintenance,293,Rarely,4.3,My spending changes a lot when assignments pile up and I have less free time. Friends influence my fitness spending more than promotions do. Right now I mostly rely on habits instead of a formal budget.,
Female,Junior,Humanities,1993,744.0,354,3-4 times/week,364.0,Health maintenance,606,Never,4.0,I only spend on exercise when I feel stressed or need to reset my routine. Flexible membership options would feel more attractive than full packages.,Cycling、Running
Female,Graduate,Business,1921,726.0,353,1-2 times/week,146.0,Muscle gain,359,Sometimes,4.6,"Healthy food options are improving, but prices still feel a little high. I become much more price-sensitive near the end of each month.",Yoga
Female,Senior,Arts,1974,925.0,80,3-4 times/week,181.0,Stress relief,318,Often,4.6,Discount bundles for meals and sports would help students balance lifestyle goals. I usually decide based on convenience rather than long-term plans.,Yoga，Swimming
Female,Junior,Business,2060,645.0,239,3-4 times/week,189.0,Health maintenance,195,Sometimes,4.3,I would like clearer budgeting tools because entertainment spending is easy to underestimate. My choices are strongly affected by academic pressure.,Swimming; Gym; Basketball
Female,Sophomore,Humanities,1992,,415,1-2 times/month,,Muscle gain,203,Rarely,2.5,I would like clearer budgeting tools because entertainment spending is easy to underestimate. My choices are strongly affected by academic pressure.,Home workout
Female,Graduate,Business,2704,833.0,560,3-4 times/week,271.0,Health maintenance,451,Rarely,5.0,I would like clearer budgeting tools because entertainment spending is easy to underestimate. My choices are strongly affected by academic pressure.,Running; Badminton
Male,Junior,Business,1247,500.0,124,5+ times/week,423.0,Muscle gain,851,Sometimes,4.2,Group fitness classes make it easier for me to stay motivated every week. Weekend facilities matter more to me than weekday access. My choices are strongly affected by academic pressure.,Swimming，Home workout
Female,Freshman,Business,2674,1534.0,511,1-2 times/week,154.0,Health maintenance,247,Often,3.2,I would like clearer budgeting tools because entertainment spending is easy to underestimate. Weekend facilities matter more to me than weekday access.,Swimming; Home workout
Male,Sophomore,STEM,1991,1016.0,501,Never,34.0,Weight loss,166,Rarely,2.7,My spending changes a lot when assignments pile up and I have less free time. I would spend more if the quality felt more consistent.,Yoga，Gym
Male,Freshman,STEM,2407,1030.0,564,5+ times/week,207.0,Weight loss,382,Rarely,4.0,Convenient workout spaces near the dorm would probably increase my exercise frequency. Better information about classes and schedules would increase participation.,Yoga; Badminton
Female,Sophomore,Humanities,1580,545.0,274,5+ times/week,265.0,Socializing,362,Sometimes,2.5,I only spend on exercise when I feel stressed or need to reset my routine. Right now I mostly rely on habits instead of a formal budget.,"Cycling, Running"
Female,Freshman,Humanities,2931,1107.0,432,1-2 times/week,242.0,Health maintenance,298,Rarely,4.0,Discount bundles for meals and sports would help students balance lifestyle goals. Right now I mostly rely on habits instead of a formal budget.,"Basketball, Yoga"
Male,Junior,Humanities,2885,1229.0,392,1-2 times/week,237.0,Health maintenance,356,Sometimes,2.7,Discount bundles for meals and sports would help students balance lifestyle goals. Friends influence my fitness spending more than promotions do.,Running; Badminton
Male,Junior,STEM,2728,1154.0,580,1-2 times/month,98.0,Socializing,222,Sometimes,3.5,My spending changes a lot when assignments pile up and I have less free time. Right now I mostly rely on habits instead of a formal budget. My choices are strongly affected by academic pressure.,"Running, Swimming"
Male,Sophomore,STEM,1367,564.0,265,3-4 times/week,148.0,Muscle gain,299,Sometimes,3.4,Group fitness classes make it easier for me to stay motivated every week. Right now I mostly rely on habits instead of a formal budget.,"Cycling, Swimming"
Male,Sophomore,STEM,2656,1109.0,595,1-2 times/week,189.0,Muscle gain,263,Rarely,3.3,I would like clearer budgeting tools because entertainment spending is easy to underestimate. A student discount for healthy meals would make a real difference.,Home workout，Basketball
Male,Graduate,Social Science,2423,976.0,459,Never,55.0,Weight loss,161,Never,2.6,Discount bundles for meals and sports would help students balance lifestyle goals. Right now I mostly rely on habits instead of a formal budget.,Swimming
Male,Senior,Social Science,1317,500.0,313,3-4 times/week,61.0,Stress relief,130,Sometimes,3.4,Discount bundles for meals and sports would help students balance lifestyle goals. Right now I mostly rely on habits instead of a formal budget. I become much more price-sensitive near the end of each month.,"Home workout, Basketball"
Female,Junior,STEM,2187,828.0,408,5+ times/week,303.0,Weight loss,495,Sometimes,5.0,"Healthy food options are improving, but prices still feel a little high. Friends influence my fitness spending more than promotions do.",
Male,Sophomore,Humanities,2400,1184.0,564,3-4 times/week,92.0,Socializing,181,Sometimes,4.6,Group fitness classes make it easier for me to stay motivated every week. Better information about classes and schedules would increase participation.,
Female,Graduate,STEM,2506,778.0,604,1-2 times/month,116.0,Weight loss,222,Often,3.5,My spending changes a lot when assignments pile up and I have less free time. I become much more price-sensitive near the end of each month. Right now I mostly rely on habits instead of a formal budget.,Home workout
Male,Sophomore,STEM,2297,930.0,284,Never,82.0,Weight loss,138,Often,3.2,I only spend on exercise when I feel stressed or need to reset my routine. Friends influence my fitness spending more than promotions do. I become much more price-sensitive near the end of each month.,Home workout
Male,Sophomore,STEM,2360,836.0,126,5+ times/week,273.0,Muscle gain,458,Always,4.4,My spending changes a lot when assignments pile up and I have less free time. Right now I mostly rely on habits instead of a formal budget.,Swimming; Basketball; Cycling
Female,Graduate,STEM,3010,1291.0,867,5+ times/week,237.0,Weight loss,330,Sometimes,4.6,"Healthy food options are improving, but prices still feel a little high. Better information about classes and schedules would increase participation.",Home workout; Gym
Male,Junior,Humanities,2874,1118.0,569,1-2 times/week,195.0,Weight loss,316,Often,2.8,I would like clearer budgeting tools because entertainment spending is easy to underestimate. My choices are strongly affected by academic pressure. I usually decide based on convenience rather than long-term plans.,Cycling; Gym
Female,Senior,Arts,900,500.0,80,3-4 times/week,147.0,Health maintenance,230,Sometimes,3.7,Group fitness classes make it easier for me to stay motivated every week. I would spend more if the quality felt more consistent.,"Gym, Cycling"
Male,Junior,STEM,2025,933.0,263,1-2 times/week,116.0,Muscle gain,230,Rarely,1.8,"Healthy food options are improving, but prices still feel a little high. A student discount for healthy meals would make a real difference.","Swimming, Running"
Female,Junior,Business,2109,664.0,494,1-2 times/week,222.0,Stress relief,304,Often,4.3,Convenient workout spaces near the dorm would probably increase my exercise frequency. Better information about classes and schedules would increase participation.,Cycling
Male,Sophomore,Humanities,1236,585.0,198,1-2 times/month,135.0,Health maintenance,283,Sometimes,5.0,I wish the campus gym stayed open later during exam season. Weekend facilities matter more to me than weekday access.,"Basketball, Cycling"
Female,Sophomore,Arts,2252,806.0,325,Never,81.0,Stress relief,141,Never,3.3,Convenient workout spaces near the dorm would probably increase my exercise frequency. Friends influence my fitness spending more than promotions do. I would spend more if the quality felt more consistent.,Cycling
Male,Sophomore,Humanities,2887,1079.0,803,1-2 times/month,44.0,Health maintenance,98,Sometimes,1.6,Discount bundles for meals and sports would help students balance lifestyle goals. Weekend facilities matter more to me than weekday access.,Yoga
Male,Freshman,STEM,1602,713.0,171,3-4 times/week,222.0,Muscle gain,238,Often,4.3,I only spend on exercise when I feel stressed or need to reset my routine. Right now I mostly rely on habits instead of a formal budget. Flexible membership options would feel more attractive than full packages.,"Home workout, Basketball, Cycling"
Male,Senior,Humanities,2385,908.0,296,1-2 times/month,100.0,Weight loss,91,Sometimes,2.5,My spending changes a lot when assignments pile up and I have less free time. Weekend facilities matter more to me than weekday access.,Basketball
Male,Sophomore,STEM,1696,,330,1-2 times/month,94.0,Muscle gain,172,Sometimes,2.7,My spending changes a lot when assignments pile up and I have less free time. Flexible membership options would feel more attractive than full packages.,Running，Gym
Male,Junior,Arts,1830,655.0,379,1-2 times/week,193.0,Socializing,279,Sometimes,3.9,I wish the campus gym stayed open later during exam season. A student discount for healthy meals would make a real difference. I become much more price-sensitive near the end of each month.,"Cycling, Running"
Male,Senior,Business,3013,1116.0,647,1-2 times/month,66.0,Stress relief,58,Often,3.4,I wish the campus gym stayed open later during exam season. I would spend more if the quality felt more consistent.,Swimming
Female,Senior,Humanities,1902,699.0,464,1-2 times/month,119.0,Muscle gain,326,Sometimes,2.8,I would like clearer budgeting tools because entertainment spending is easy to underestimate. I would spend more if the quality felt more consistent.,"Cycling, Home workout"
Male,Junior,STEM,2454,920.0,476,1-2 times/week,263.0,Stress relief,422,Sometimes,3.0,Discount bundles for meals and sports would help students balance lifestyle goals. Flexible membership options would feel more attractive than full packages.,Basketball、Yoga
Female,Junior,Business,1171,595.0,251,1-2 times/week,75.0,Health maintenance,159,Often,3.3,Group fitness classes make it easier for me to stay motivated every week. Better information about classes and schedules would increase participation.,Badminton
Male,Graduate,Social Science,3224,1516.0,522,3-4 times/week,407.0,Health maintenance,647,Sometimes,3.5,I wish the campus gym stayed open later during exam season. I would spend more if the quality felt more consistent.,Gym、Yoga
Female,Senior,Humanities,2531,1409.0,467,5+ times/week,159.0,Stress relief,347,Always,3.0,My spending changes a lot when assignments pile up and I have less free time. Better information about classes and schedules would increase participation.,"Badminton, Home workout"
Male,Senior,Business,2100,1263.0,394,1-2 times/month,104.0,Health maintenance,144,Sometimes,3.0,Group fitness classes make it easier for me to stay motivated every week. I become much more price-sensitive near the end of each month. Right now I mostly rely on habits instead of a formal budget.,Basketball
Male,Graduate,Arts,2517,850.0,491,5+ times/week,404.0,Health maintenance,581,Rarely,4.1,"Healthy food options are improving, but prices still feel a little high. Weekend facilities matter more to me than weekday access.",Basketball，Yoga
Female,Senior,Social Science,1425,607.0,334,5+ times/week,156.0,Health maintenance,174,Often,3.7,Discount bundles for meals and sports would help students balance lifestyle goals. I usually decide based on convenience rather than long-term plans. I become much more price-sensitive near the end of each month.,Basketball，Yoga，Badminton
Male,Freshman,STEM,2850,929.0,624,3-4 times/week,273.0,Weight loss,553,Sometimes,2.7,"Healthy food options are improving, but prices still feel a little high. A student discount for healthy meals would make a real difference.",Yoga，Badminton
Male,Junior,Business,2022,723.0,370,3-4 times/week,253.0,Weight loss,247,Sometimes,4.5,"Healthy food options are improving, but prices still feel a little high. Better information about classes and schedules would increase participation. I would spend more if the quality felt more consistent.",Home workout、Basketball
Male,Freshman,Business,2088,772.0,258,1-2 times/week,173.0,Socializing,258,Sometimes,1.4,I wish the campus gym stayed open later during exam season. Right now I mostly rely on habits instead of a formal budget. I usually decide based on convenience rather than long-term plans.,Yoga
Female,Junior,Humanities,1930,647.0,357,3-4 times/week,249.0,Stress relief,366,Never,3.5,Group fitness classes make it easier for me to stay motivated every week. I usually decide based on convenience rather than long-term plans.,Yoga; Swimming; Home workout
Male,Graduate,STEM,1881,632.0,335,3-4 times/week,,Muscle gain,368,Sometimes,3.3,"Healthy food options are improving, but prices still feel a little high. Right now I mostly rely on habits instead of a formal budget.","Swimming, Cycling, Running"
